Book_ID,ISBN,Author,Category,Condition,Publication_Year,Price
LIBURbq9,417-357-691-590,Michael Lamb,Science,Fair,1974,41.98
LIB1oT99,714-680-869-634,Jose Glass,Science,Good,1919,89.71
LIBpmSit,868-164-005-982,Mario Morris,Fiction,Good,1836,28.97
LIBrd5B8,477-460-167-931,Dylan Gibson,Biography,Poor,1907,
LIBFeqQL,203-316-814-781,Rhonda Foster,Biography,Good,1905,33.71
LIBrJulL,508-526-873-599,Steven Morales,nan,Poor,1880,65.04
LIBEnRvX,742-436-449-188,Brian Meyer,Biography,Excellent,1835,95.87
LIBQmZ4p,416-721-785-984,John Henry,Biography,Good,1946,39.68
LIB65fgD,976-796-405-147,Andrew Bradley,Non-Fiction,Excellent,1804,60.35
LIBAqQ7s,047-271-997-853,John Drake,Fiction,Good,1801,44.81
LIBhts7n,464-410-038-675,Christina Butler,Fiction,Good,1827,53.23
LIBAav6a,784-447-301-306,James Romero,nan,Poor,1971,82.84
LIBj1KjU,440-225-405-731,Amy Myers,nan,Fair,1819,68.47
LIB6YGik,754-478-605-260,Jason Acosta,Biography,Good,1996,96.25
LIBDWsgU,112-746-868-894,Mr. Peter Medina,Science,Excellent,1831,71.85
LIBExOlM,384-567-501-892,Christina Bird,History,Excellent,1894,63.09
LIB9tyT1,158-516-172-943,Alyssa Reid,History,Good,1824,42.96
LIBAzOvo,541-057-571-718,Dylan Smith,Science,Fair,1829,84.25
LIB6sKuM,898-667-083-518,Robin Wagner,Non-Fiction,Excellent,1870,48.41
LIBfobXX,698-185-703-576,Amy Thompson,nan,Fair,1979,97.95
LIBDmf1B,545-152-595-862,Abigail Cox,Science,Fair,1833,89.56
LIBi8hCj,116-755-548-147,Ashley Gordon,nan,Poor,1825,45.9
LIBpMlVX,909-516-337-331,Bethany Davidson,Fiction,Excellent,1988,99.05
LIB4WEMd,228-297-794-009,Sergio Meza,Fiction,Good,1802,94.77
LIBYCchm,924-150-528-848,Rebecca Kaiser,Biography,Excellent,1830,
LIBMyfH2,110-808-240-253,Heather Gillespie,nan,Fair,2011,53.17
LIBqZKv5,701-160-806-461,Mrs. Jordan Martin,Biography,Good,1842,25.29
LIBbA0lb,403-309-773-728,Jorge Burns,Biography,Excellent,1931,88.32
LIBIN2Vf,238-000-212-865,Troy Cook,Non-Fiction,Good,1964,87.23
LIBs2JiV,814-154-252-732,Terry Carroll,nan,Excellent,1889,78.43
LIBSrs9c,211-802-255-848,Matthew Perez,Fiction,Excellent,2011,24.75
LIBQNBu8,124-711-258-461,Brandon Edwards,nan,Excellent,1891,23.41
LIB2USsj,181-551-628-006,Nicholas Strong,History,Excellent,1978,33.48
LIBGQjjE,591-922-438-569,Joseph Williams,History,Excellent,1893,68.72
LIBQpxI1,493-452-377-411,Samantha Ware,History,Excellent,1980,33.49
LIBegRd4,983-133-744-651,Cameron Jones,Biography,Fair,1882,33.94
LIBSs8RP,587-624-215-811,Diane Harris,Non-Fiction,Excellent,1954,33.89
LIBrw5rn,262-247-140-099,Dylan Villanueva,Fiction,Fair,2018,
LIBFFXZa,677-100-694-149,Jacob Hernandez,History,Excellent,1987,42.54
LIBThquW,209-506-802-575,William Walker,History,Excellent,1916,35.2
LIBvELf5,743-015-234-294,John Mitchell,Non-Fiction,Good,1884,90.18
LIBpR25G,022-905-337-600,Kelsey Bailey,Non-Fiction,Fair,1891,
LIBy5o5Y,698-410-114-389,Sherry Wallace,Biography,Fair,1978,64.95
LIBiJ2gj,367-010-635-916,Erin Martinez,Biography,Good,1854,98.73
LIBl7FzP,144-676-290-387,Catherine Lee,Non-Fiction,Fair,1984,58.65
LIBnlzHV,481-820-292-993,Brett Maxwell,Non-Fiction,Fair,1879,75.1
LIBAHM6W,403-771-610-727,Maureen Washington,Science,Good,1903,12.91
LIBZNpuS,640-899-299-809,Amanda Mays,History,Good,1913,93.5
LIBGppwk,699-902-386-918,John Macdonald,History,Excellent,1828,75.74
LIBnZ3Lm,603-924-614-119,Joshua Martinez,History,Fair,1901,26.46
LIB581Mk,484-545-699-397,Anna Rios,Biography,Excellent,1907,
LIBvoHMq,809-329-842-893,James Smith,History,Excellent,1931,27.18
LIBI5nZ0,312-644-243-841,Christine Morales,Biography,Fair,2008,
LIBpy30F,687-193-974-571,Raymond Floyd,Biography,Poor,1915,
LIBaBqKT,567-513-578-896,Dr. Chris Berry,Science,Fair,2016,31.69
LIBP2Yo4,692-123-804-095,Kevin Myers,Biography,Fair,1938,78.05
LIB7cvO0,826-348-537-403,Blake Morris,Fiction,Fair,1874,18.56
LIBfkJvi,253-312-144-997,Lindsay Cox,History,Good,1946,36.02
LIByTSU9,799-728-356-253,Jeanne Davis,Biography,Fair,1973,13.86
LIBu5RK5,954-844-190-464,Rachael Miller,Biography,Good,1987,68.78
LIBWSq40,146-224-128-325,Melanie Sanchez,Non-Fiction,Excellent,1844,45.19
LIB7zQ0Z,740-015-551-854,Robert Blake,nan,Excellent,1827,58.49
LIBLPRmU,658-943-720-634,Tony Jackson,Non-Fiction,Good,1976,81.34
LIB5Such,636-885-312-041,Mary Raymond,nan,Excellent,2013,32.27
LIB9tHaQ,564-739-612-785,Beverly Frank,nan,Fair,1844,35.73
LIBMejve,636-540-006-064,Amy Hernandez,nan,Good,1879,52.61
LIB8VZ0j,534-998-848-255,Michael Johnston,History,Fair,1888,16.79
LIBXNwxY,304-843-475-967,Jennifer Freeman,Biography,Fair,1901,12.54
LIBhdMII,146-199-182-801,Samantha Kelly,Science,Fair,1990,68.43
LIBkOei0,398-088-646-028,Douglas Levine,Science,Good,1930,54.98
LIBf7g5T,400-415-343-839,Christine Bell,History,Good,1893,20.62
LIBGfjnh,533-248-275-801,Kristin Hernandez,History,Fair,2022,65.0
LIBB4UMI,305-667-420-955,Matthew Wilson,Science,Fair,1818,22.8
LIBkjwNd,654-568-422-036,Debra Garcia,Biography,Good,2016,98.86
LIBxLbIC,607-276-245-685,Janet Turner,nan,Good,1830,75.24
LIBLGH6P,832-756-047-120,John Baldwin,History,Excellent,1917,96.71
LIBdeb67,634-611-388-952,Nicole Ramirez,Non-Fiction,Good,1813,68.43
LIBzNSRE,872-096-453-258,Corey Gray,Biography,Good,1933,79.94
LIBK45J0,499-376-898-235,Louis Hicks,Fiction,Good,1936,29.52
LIBfsTSe,339-759-538-225,Brian Mitchell,Non-Fiction,Fair,1840,50.92
LIBTL4a6,593-096-559-778,Bradley Johnson,Science,Poor,1849,64.72
LIBcazy4,498-766-217-512,Jeff Turner,History,Excellent,1892,67.46
LIBHsbNW,480-523-420-866,Jamie Peters,nan,Good,1988,67.59
LIBE4y2M,384-770-392-017,Daniel Garza,Non-Fiction,Excellent,1914,24.1
LIBqnqhh,721-355-336-289,Don Moon,Biography,Good,2007,58.98
LIBjIaqQ,414-528-164-171,Tammy Villegas,Biography,Poor,1953,37.93
LIBmQJEl,961-539-352-574,Karen Farmer,Non-Fiction,Fair,1838,74.44
LIBoI2r9,015-590-651-854,Courtney Gilmore,History,Excellent,1946,80.46
LIB8i3ye,335-743-323-545,Martin Rivera,Fiction,Excellent,1841,81.42
LIBrZTKy,104-030-783-101,Debra Lopez,Science,Good,1955,31.89
LIBZYrgm,592-905-778-293,Timothy Arnold,Non-Fiction,Good,2009,80.39
LIB6BEvO,930-581-772-831,Megan Young,Science,Excellent,1951,35.31
LIBMj6fR,822-723-874-327,Daniel Walker,Science,Excellent,1852,36.86
LIB0Hr6w,798-727-854-403,Frank Chavez,History,Excellent,1886,92.16
LIB55m5Q,652-878-211-495,Seth Gonzalez,Fiction,Excellent,1931,17.69
LIBIxslg,700-934-992-321,Thomas Castro,Biography,Good,1801,
LIBBCeyp,007-866-813-527,Norma Sims,Biography,Excellent,1874,30.37
LIBHFdQ5,523-601-507-713,Debra Reynolds,Non-Fiction,Good,1863,48.23
LIBxXBo3,969-045-962-956,Allison Rivera,History,Fair,1826,12.45
LIBFgJcx,520-824-447-086,Ashley Kaiser,Non-Fiction,Fair,1830,37.76
LIBrLaMc,682-649-754-524,Christina Young,Fiction,Good,2001,12.54
LIBzuLEx,034-614-066-168,Adrienne Harper,Biography,Good,2005,52.13
LIBvVtlj,974-331-334-487,David Lucas,nan,Fair,2011,32.33
LIBOJ1gu,377-875-780-673,Wyatt Bell,History,Excellent,1917,52.75
LIBD9FX0,257-398-211-500,Noah Hughes,History,Good,1929,95.81
LIBR4BbR,104-584-867-603,Lisa Melendez,nan,Good,1963,59.31
LIB0vViv,068-339-700-234,Mary Villarreal,Non-Fiction,Excellent,2009,12.33
LIB0bpNe,642-605-484-905,Ronald Moore,nan,Fair,1931,
LIBk612f,512-086-391-338,Sarah Mercado,Science,Excellent,1905,28.23
LIB5J4aY,760-346-479-257,Lisa Huff,Science,Good,1843,23.41
LIBWMGd7,903-349-065-844,Yvonne Jacobs,Biography,Poor,1919,55.9
LIBldopv,371-573-392-945,Kelly Mcguire,Fiction,Good,1836,75.9
LIBQRHy6,871-863-767-317,Kevin Quinn,nan,Excellent,1940,16.7
LIBu3xXl,276-320-561-180,David Newman,Non-Fiction,Good,1887,57.5
LIBrjz3C,265-758-286-834,Courtney Taylor,History,Fair,2001,47.97
LIBfuh6i,948-440-743-905,Charlotte Ward,Non-Fiction,Good,1854,68.69
LIBcH4uP,424-515-986-348,Amanda Mcclure,History,Fair,1930,98.4
LIBxluXQ,672-559-880-823,Mr. Nathan Sellers,Science,Good,1801,94.42
LIBwU51G,427-781-421-411,Fred Miller,Non-Fiction,Poor,1986,40.25
LIBAo8xP,178-854-428-592,Gina Moore,Fiction,Fair,1996,43.87
LIBzMTMw,801-804-156-057,Victor Anderson,Biography,Excellent,2012,29.59
LIB69bJ6,593-982-318-367,Debra Murray,Fiction,Excellent,1985,32.49
LIBVVPh8,347-646-362-477,Gregory Herman,Science,Fair,1914,22.06
LIBqyYhB,607-540-676-471,Stephanie West,Non-Fiction,Poor,1946,
LIB6gNDe,574-693-161-309,Aaron Smith,Science,Good,1809,30.4
LIBaqIGY,415-520-464-327,Maria Jenkins,nan,Good,1870,31.05
LIB0JFsu,797-905-848-360,Christopher Perez,Fiction,Excellent,1912,23.47
LIBVhAzK,418-385-453-015,Tracy Norris,History,Good,2011,63.22
LIBkSBeg,577-269-917-962,Roy Martin,History,Poor,1937,93.51
LIBZVd6b,112-289-279-139,Mrs. Grace Glass,Fiction,Poor,1834,12.11
LIB0wAyI,638-516-794-363,Samantha Lopez,nan,Excellent,1952,42.35
LIBTSX61,620-017-343-848,Howard Rodriguez,Non-Fiction,Excellent,1896,17.76
LIBLa5th,270-022-360-155,Catherine Pacheco,Fiction,Good,1942,51.67
LIBmZ2Rr,289-396-796-218,John Brown,nan,Excellent,1813,
LIBGAnkx,503-533-178-767,Corey Jimenez,Biography,Fair,2019,68.37
LIBYZtYl,723-584-115-712,Thomas Michael,Fiction,Fair,1993,55.01
LIBL2XXl,478-921-914-864,Justin Terry,Science,Fair,1830,96.44
LIB5zs23,374-491-235-978,David Smith,nan,Good,1841,22.81
LIBWjDo5,577-036-580-192,James Ellis,Science,Excellent,1845,68.09
LIBEsLY0,132-528-092-686,Charles Huff,Science,Good,1883,53.28
LIBlfBGv,552-892-060-094,Joseph Cox,History,Poor,1926,37.41
LIBN763u,042-873-514-737,Anthony Grant,Science,Excellent,1820,21.93
LIBmAJ5H,473-174-467-915,Matthew Hicks,Science,Excellent,1815,61.51
LIBklx0F,934-761-829-568,Kim Cruz,Science,Fair,1939,32.27
LIB0pY32,387-132-736-761,Christine Arnold,Biography,Good,1870,32.97
LIBfUI3G,754-995-272-763,Hunter Cruz,nan,Excellent,1805,
LIBK4USj,561-268-358-977,Amber Scott,Non-Fiction,Fair,2016,60.88
LIBRNwFZ,155-594-479-257,Michael Miller,nan,Good,1967,27.21
LIBK8Q2g,284-900-603-529,Dominic Joseph,Non-Fiction,Good,1909,
LIBfMzvg,431-063-995-023,Dr. David Wilson,nan,Good,1841,99.79
LIB6XD0Q,791-264-614-350,Gregory Kelly,nan,Excellent,1970,53.18
LIBkTmTr,459-652-548-457,Ashley Chandler,Science,Excellent,1953,44.96
LIBnMIGT,801-225-460-315,Amanda Moore,Fiction,Poor,1974,21.71
LIBlLzDi,759-771-895-060,Gabriel Miller,History,Fair,1821,44.31
LIBlf0Cn,675-838-219-023,Matthew Evans,Fiction,Excellent,1977,78.03
LIB4VlYZ,612-222-021-273,John Torres,Non-Fiction,Excellent,1817,80.76
LIBkWVo0,012-309-717-649,Amanda Phillips,Non-Fiction,Good,1875,95.36
LIBjubTf,029-248-925-643,Melissa Werner,Non-Fiction,Excellent,1911,56.62
LIBu7OxF,347-735-087-665,Katrina Kennedy,Biography,Good,1908,11.34
LIB5fUtx,807-599-442-222,Christopher Wade,Non-Fiction,Excellent,1806,45.26
LIB5j33c,561-980-465-024,Justin Brooks,Non-Fiction,Good,1839,30.3
LIBMec11,004-919-950-392,Kristen Martinez,Non-Fiction,Good,1902,99.97
LIB3lFOQ,926-102-219-297,Judith Wright,Non-Fiction,Fair,1821,88.69
LIBtKXR9,908-931-000-763,Cheyenne Hunter,Science,Good,1826,28.47
LIBnU4mW,380-687-233-549,Jeremy Woods,nan,Excellent,1952,53.05
LIBfqh6B,078-843-038-285,Michelle Garner,Fiction,Excellent,1955,
LIBnHzu3,508-122-713-488,Mrs. Tina Cox,Biography,Excellent,1896,33.86
LIBgzF8l,252-828-172-621,Theresa Jones,nan,Excellent,1845,67.42
LIBtSQDK,816-637-898-377,Katie Graves,Science,Excellent,1932,71.78
LIBDRz1z,711-381-409-986,Mr. Raymond Smith,nan,Excellent,2017,27.91
LIBpgzJX,711-747-830-022,Adam Moore,Fiction,Excellent,1855,91.66
LIBtJhyT,899-464-600-332,Steven Hernandez,Biography,Excellent,1917,37.57
LIBlYrtJ,162-162-593-615,Erica Powell,Fiction,Good,1873,89.47
LIBZxrYT,589-016-780-814,Jacob Turner,Science,Fair,1865,88.53
LIBRB8bu,039-433-671-631,Christine Logan,Fiction,Good,1888,11.4
LIBsm7ls,942-782-943-647,Deanna Howard,Science,Excellent,1963,59.5
LIBe3zyr,113-282-647-738,David Smith,Non-Fiction,Excellent,1998,80.86
LIBI13to,006-200-191-405,Wendy Cooper,Non-Fiction,Fair,1882,57.22
LIBr6VND,003-792-314-123,Lawrence Gill,Fiction,Good,1821,45.6
LIBjA8iq,671-417-142-223,Brenda Pace,Non-Fiction,Fair,1998,40.43
LIBMRTdF,378-453-503-613,Brenda Sandoval,Non-Fiction,Good,1872,71.59
LIB6mXtK,721-025-988-908,Mark Bailey,Non-Fiction,Excellent,1859,52.2
LIBkqS56,744-159-829-659,Kimberly Lynch,Fiction,Excellent,1887,
LIBwMkgc,981-597-245-463,Cassie Thompson,Non-Fiction,Excellent,1920,70.49
LIBsDY7o,447-400-683-900,Tonya Brown,Science,Fair,1838,29.05
LIBHSb6d,500-516-175-929,Samuel Carroll,nan,Good,1809,
LIB9F2IW,127-017-168-918,John Norris,Science,Good,1977,42.24
LIBhIbI8,153-466-748-710,Monique Campos,Fiction,Excellent,2016,12.25
LIBUz6kL,104-673-180-634,Mindy Myers,History,Good,1948,67.09
LIBOOi1z,531-079-851-512,Shannon Spencer,Science,Fair,1940,39.26
LIB0Ziwb,184-052-617-157,Nathan Adams,Biography,Fair,1817,78.47
LIB17Ep5,340-509-280-132,Madeline Flores,Fiction,Good,1800,34.23
LIBEzidd,313-872-300-968,Christopher Oconnor,Science,Excellent,1850,42.28
LIBTnEyw,521-326-169-482,Christopher Holt,Biography,Excellent,1891,33.35
LIBjCX9R,817-138-121-121,Lisa Davis,Biography,Good,1846,66.28
LIBL0kKB,733-798-192-661,Cindy Rosales,Fiction,Fair,1904,79.15
LIBzPf0F,798-333-736-279,Andrew Fisher,Science,Excellent,1954,29.98
LIBqqUMv,001-713-830-716,Jim Salas,Non-Fiction,Excellent,1963,90.53
LIB7ESBY,664-773-185-468,Teresa Smith,Science,Good,1997,32.6
LIB9TXXl,064-882-337-595,Bryan Nelson,Non-Fiction,Excellent,1924,69.98
LIBZFE8m,316-046-112-681,Thomas Mcdaniel,Fiction,Fair,1881,
LIBKhCGc,368-295-440-562,Andrew Miller,Fiction,Poor,1879,
LIB80gSX,662-605-274-014,Hayden Brown,nan,Fair,1981,11.72
LIBMWd5N,335-522-068-721,Erin Porter,nan,Excellent,1958,85.6
LIBpObnk,000-462-584-694,Thomas Montes,Science,Poor,1898,91.82
LIB4vLJW,741-429-774-765,Paula Fitzgerald,History,Excellent,1995,51.76
LIBzbB9v,041-704-013-995,Amy Meyer,Biography,Excellent,1809,
LIBKEs3h,670-239-320-737,Samantha Medina,Non-Fiction,Excellent,1908,21.33
LIBmbevy,323-168-461-540,Lisa Kim,Fiction,Excellent,1861,65.8
LIBqNjm6,735-614-541-218,Cheryl Harrell,Biography,Poor,1910,92.97
LIBdmxzH,289-928-736-341,Teresa Nielsen,Science,Good,1869,84.52
LIBavnC4,597-454-816-901,David Johnson,Biography,Good,1919,28.94
LIBwetmW,232-501-670-623,Lisa Reynolds,nan,Excellent,1935,79.0
LIB4uLup,589-550-117-647,Aaron Middleton,Science,Good,1802,28.72
LIB9Uko1,481-408-781-326,Karen Smith,Fiction,Good,1992,46.98
LIBU7VPG,539-102-899-159,Robert Williams,Non-Fiction,Poor,1959,84.29
LIB6e3qg,121-315-081-392,James Graves,nan,Good,1923,57.36
LIBvacAF,045-738-469-913,Dennis Johnson,Science,Good,1973,64.11
LIBtzsgc,069-746-370-925,Heidi Flowers,Biography,Good,1937,77.69
LIBzj2pl,523-420-698-233,Mr. Michael Terry,History,Excellent,2007,59.06
LIBl9yOd,784-204-242-279,Kristin Mcmillan MD,nan,Good,1985,19.32
LIBqZAVE,811-411-424-965,John Robertson,nan,Good,1890,68.94
LIB5tx5U,483-075-482-864,Jose Kelley,Science,Excellent,1911,73.62
LIBbznNx,339-928-011-320,Michele Huerta,nan,Good,1951,70.2
LIBkwTUA,661-056-970-034,John Grant,nan,Excellent,1914,56.01
LIBCNWbj,525-561-829-551,Tracy Schultz,nan,Excellent,1874,13.57
LIBe5Agh,578-794-634-595,Jerry Harvey,History,Good,1932,60.63
LIBNGkkW,034-320-214-662,Heather Dennis,Non-Fiction,Good,1891,85.78
LIBEMsRy,594-902-288-701,Samuel Lewis,History,Good,1945,75.96
LIBrh8CM,856-949-101-943,Michael Gallagher,Biography,Good,1941,34.11
LIBjFOaf,796-326-319-882,Elizabeth Villanueva,History,Good,1974,96.36
LIBCDdPo,459-639-241-428,Allison Hernandez,Biography,Excellent,1859,16.95
LIBen9Kf,229-850-268-586,Brittany Chaney,Biography,Good,1840,86.35
LIBrjtm1,711-884-688-547,Bryan Kennedy,Biography,Excellent,1896,10.71
LIBQXayF,010-118-600-890,Matthew Smith,Fiction,Excellent,1988,75.7
LIBMt6Bm,195-695-006-123,Scott Baldwin,Science,Fair,1851,14.36
LIBIB4yg,601-942-343-109,John Peterson,nan,Excellent,1928,40.66
LIBlstIL,665-018-250-650,Michael Howell,Non-Fiction,Fair,1872,56.58
LIBAzwNn,983-753-042-944,Nathaniel Foley,nan,Poor,1910,29.67
LIBBDqmT,283-718-264-306,Kimberly Berg,nan,Excellent,1952,68.88
LIBYaKb4,207-297-104-100,Kathryn Acosta,nan,Fair,1888,50.63
LIBR9Hb5,182-117-228-014,David Yu,History,Excellent,1835,16.53
LIB7n0Kc,228-556-001-742,Stephen Brown,Biography,Excellent,1828,
LIB9hp5Z,804-702-171-276,Benjamin Roberts,nan,Good,1818,14.56
LIBVIIYM,081-261-891-469,Justin Burnett,nan,Good,2013,55.14
LIByml32,254-291-595-016,Harry Noble,Science,Good,1868,96.26
LIBYq5tL,004-055-632-670,Jennifer King,Non-Fiction,Excellent,1874,80.36
LIBRU8nS,922-625-825-868,Amanda Hall,nan,Fair,1917,91.42
LIBbL6hv,039-791-756-478,Darrell Dunn,Science,Good,2019,35.14
LIBU4SRt,704-537-863-408,Willie Rivera,Biography,Fair,1910,36.34
LIBT7GMo,090-674-353-791,Ronald Patel,Fiction,Excellent,1914,57.15
LIB3kXs9,699-076-783-090,Miranda Simpson,Non-Fiction,Fair,2003,17.68
LIB0l4iU,085-393-108-761,Emily Hickman,Fiction,Excellent,2016,71.95
LIBfSvlh,574-800-515-249,Randy Olson DDS,Biography,Excellent,1816,
LIBz6jk9,335-036-081-481,Brandon Thomas,Non-Fiction,Poor,1962,72.29
LIBdLRAd,680-875-569-015,John Mcclain,Non-Fiction,Excellent,1886,34.3
LIBrNqmW,000-601-003-437,Erica Woods,Science,Fair,1808,90.26
LIBLqsFY,567-844-505-325,Pamela Glass,Biography,Fair,2022,94.48
LIB9b5W6,518-302-938-767,Brianna White,Science,Good,1993,80.82
LIBasEiE,126-019-332-131,Brandon Nelson,nan,Excellent,2015,85.14
LIBVXWLt,408-356-539-835,Dr. Michael Copeland,Non-Fiction,Excellent,1886,87.71
LIBonI1W,228-367-995-472,Kenneth Bernard,Science,Excellent,1896,24.46
LIBjMaOd,359-580-160-255,Diane Schmidt,Science,Excellent,2005,35.94
LIBSg0EU,893-275-286-795,Melissa Dillon,History,Good,1867,99.16
LIBndeSz,585-012-682-454,Andrew Williams,Non-Fiction,Good,1802,32.45
LIB1wJ26,406-289-052-895,Nathan Hoffman,Science,Excellent,2020,
LIBekeuZ,343-169-575-855,Dan Ho,Science,Fair,1858,93.2
LIBI7Xju,984-750-041-166,Cathy Burton,Science,Good,1865,56.32
LIBEwJva,065-522-394-069,Roger Wu,History,Good,1930,55.88
LIBbsvyb,876-096-922-161,Richard Brewer,Fiction,Fair,1911,98.39
LIBhjLAa,787-935-172-499,Amy Gomez,Non-Fiction,Good,1987,71.97
LIBFT7oC,901-782-086-024,Andrea Walters,Non-Fiction,Excellent,1914,73.11
LIBpQcek,784-068-511-327,Sandra Morales,Non-Fiction,Good,1805,14.32
LIBMTVkf,985-558-235-843,Christina Williams,Fiction,Poor,1952,43.51
LIBlbWnk,648-711-645-472,Michael Allen,Science,Poor,1948,14.93
LIBnlmxV,156-913-268-075,Matthew Campbell,Science,Excellent,1961,
LIB47nC9,467-717-760-690,Robert Martin,Non-Fiction,Fair,1872,15.02
LIBPGrqk,680-612-051-181,Samuel Scott,nan,Good,1888,56.15
LIBhqVed,904-612-416-182,Denise Richards,Fiction,Excellent,1935,52.0
LIBrVcjg,312-747-140-459,Jacqueline Norris,Fiction,Good,1921,80.1
LIBU0laU,702-324-285-874,Daniel Simpson MD,Fiction,Fair,1877,92.55
LIBVM0Mw,435-682-569-545,Megan Elliott,History,Good,1884,45.26
LIBbiLjs,653-808-341-063,Amy Garza PhD,nan,Excellent,2015,71.54
LIBEYEsx,146-331-726-792,Christopher Jenkins,History,Excellent,1996,14.3
LIBSD7MU,006-465-835-065,Stephen Wang,Non-Fiction,Fair,2008,
LIBE9XMi,299-735-969-623,David Nichols,Non-Fiction,Poor,1824,49.93
LIB9iAI4,582-544-646-013,Kristy Gomez,Non-Fiction,Poor,1822,83.43
LIBaX5xU,498-609-720-771,Betty Harris,History,Excellent,1923,64.14
LIBPom97,453-370-736-099,Gabriella Mills,nan,Fair,1879,89.34
LIBsxzTd,845-851-101-313,Timothy Clark,nan,Excellent,1916,30.66
LIBRp7NL,106-948-663-423,Jack Carter,Fiction,Fair,1841,25.92
LIBsMuSB,807-494-556-124,Katherine Murray,Science,Good,1965,33.84
LIB4cTbq,707-944-591-124,Nicole Larson,Non-Fiction,Excellent,2018,13.04
LIBwOTL7,009-886-599-605,Jeremy Wade,nan,Good,1822,
LIB20OPD,872-037-548-446,Jimmy Wallace,Non-Fiction,Excellent,1969,97.47
LIB0R9GT,793-064-030-262,Andre Ruiz,nan,Excellent,2003,88.98
LIBsgzYg,313-300-454-093,Richard Torres,Biography,Poor,1923,18.28
LIBZkVnq,380-597-186-436,Matthew Payne,Science,Excellent,1917,62.98
LIBVXuVO,254-648-662-308,Claire Reed,nan,Fair,1973,28.12
LIBNugnH,208-941-800-701,Megan Anderson,Science,Fair,1890,37.23
LIBUE95d,923-232-880-329,Elizabeth Hampton,History,Excellent,1831,23.06
LIBdbCaq,148-975-658-922,Clarence Lewis,Biography,Excellent,2017,66.72
LIBtvHNT,180-807-337-515,Jack Mcdowell,History,Fair,1835,49.42
LIBshrwJ,170-582-840-299,Victor York,Fiction,Good,1902,75.38
LIBuaMrV,610-451-968-352,Katherine Campbell,Fiction,Fair,2018,47.12
LIBPghje,294-869-755-519,Haley Yu,Non-Fiction,Excellent,1911,31.24
LIBl6VDV,329-181-136-197,Kimberly Turner,Non-Fiction,Excellent,1853,
LIBdMfZM,532-470-541-716,Ashley Molina,Fiction,Good,1857,16.33
LIB9xU6T,171-839-306-385,Michelle Mills,nan,Excellent,1895,61.76
LIB6vg3u,494-544-466-657,Jill Walton,Non-Fiction,Good,1814,53.49
LIBLDikh,982-205-334-255,Sarah Kelly,History,Good,1867,92.76
LIBBpOWA,721-751-096-987,Christine Murray,Biography,Excellent,1926,
LIBHVO61,852-398-357-108,Kimberly Bell,Science,Excellent,1815,
LIB6ytB1,476-814-267-567,Terry Castro,Biography,Excellent,1821,23.73
LIBacGsZ,704-015-515-755,Christopher Kim,History,Good,1813,78.72
LIBVd6Yd,655-610-767-689,Robert Reese,Non-Fiction,Fair,1867,58.49
LIBa18D4,448-313-027-214,Tiffany Moore,Biography,Excellent,1848,84.49
LIBo36rj,325-206-568-964,Jimmy Grant,Science,Excellent,2002,58.1
LIB6lGEk,802-474-094-068,Roberto Morris III,Non-Fiction,Good,1895,33.3
LIBewPO9,836-394-618-330,Marco Snow,Biography,Excellent,1840,
LIBzAkib,976-044-939-117,Ashley Crawford,Fiction,Excellent,1808,29.79
LIBByJl6,966-976-264-945,Alec Conner,Fiction,Good,1806,40.72
LIB8xMiX,129-230-089-739,Erin Mason,nan,Excellent,1871,80.77
LIBe4khh,035-791-074-366,Victoria Ross,Biography,Excellent,1976,94.94
LIBQVs2U,617-445-192-895,Michael Bright,Non-Fiction,Excellent,1939,65.63
LIBB5xAv,623-547-429-373,Robert Thompson,Non-Fiction,Good,1826,90.46
LIBDZZg5,414-801-733-300,Laura Davis,Biography,Excellent,1836,64.64
LIBsjlfl,929-435-340-497,Nichole Nelson,History,Fair,1879,94.44
LIBGVDlF,803-006-960-829,Isaac Kennedy,nan,Poor,1968,95.71
LIBKNQw4,092-387-613-381,Kayla King,nan,Good,2009,49.17
LIBtVNWc,335-657-158-484,John Payne,Fiction,Good,1941,58.24
LIBrU2PH,022-326-605-652,Joshua Mccarthy,Non-Fiction,Excellent,1820,73.04
LIBXS2vx,013-647-664-464,Elizabeth York,Science,Excellent,1880,96.15
LIBMOWnc,453-498-566-165,Kim Rogers,History,Excellent,1968,
LIBji2Uk,820-782-361-672,Mrs. Bailey Williams,Non-Fiction,Good,1994,22.34
LIBOUezo,383-366-785-662,Tracy Gonzalez,nan,Poor,1924,47.68
LIBt3T8w,381-000-013-938,Jacqueline Gallegos,Science,Good,1977,23.79
LIBQrwPy,397-031-187-544,Mary Morrison,Non-Fiction,Good,1957,33.77
LIBATJj1,644-745-744-739,Zachary Mason,Biography,Good,1822,25.96
LIBHQ6TF,568-212-551-567,Kimberly Wade,Non-Fiction,Excellent,1844,45.69
LIBBKZfj,394-282-933-413,Stacie Marquez,nan,Fair,1946,47.93
LIB4WT0j,478-499-984-277,Elizabeth Copeland,nan,Excellent,1920,48.56
LIBjo7gK,303-438-417-189,Mariah Lyons,Non-Fiction,Good,1808,66.6
LIBfdFOw,014-118-418-225,Diana Jones,Fiction,Excellent,1834,33.8
LIBaHQei,584-608-650-768,Luis Hernandez,Biography,Fair,1987,68.06
LIBxhK0s,263-419-485-384,Daniel Tucker,nan,Excellent,1918,42.26
LIB9KC3D,447-795-423-951,Gregory Watson,Fiction,Fair,1834,
LIBRYfag,049-170-254-207,Jennifer Kramer,nan,Poor,1828,22.8
LIBqiL9p,921-213-921-935,Brian Martin,History,Fair,1853,44.18
LIBhfhrA,603-178-380-373,Brian Davis,Science,Fair,1800,22.91
LIBx5YnC,297-974-189-916,Zachary Tanner,Biography,Good,1822,57.14
LIBpwsd5,131-395-939-651,Christina Allen,nan,Poor,2020,56.51
LIBFESY0,407-328-531-846,Michelle Schroeder,Fiction,Fair,1852,69.15
LIBjNNFS,307-614-920-026,Grant Morse,Non-Fiction,Poor,1989,63.05
LIBOS0b4,601-435-889-496,Tricia Brown,Fiction,Fair,1813,42.98
LIBwjxLm,893-691-811-336,Barry Goodwin,History,Excellent,1810,90.5
LIBm1Y4q,517-127-301-950,Mary Stephens,Non-Fiction,Poor,2001,98.42
LIBiRKhg,884-376-500-150,Julie Jones,Science,Excellent,1826,33.94
LIBr2FRX,920-781-954-869,Kenneth Wu,nan,Fair,1921,63.97
LIBfR1wx,892-757-974-367,Jeffery Wheeler,Fiction,Poor,2000,63.38
LIBsfKyX,159-445-681-982,Jane Faulkner,History,Poor,1948,24.15
LIBVx09y,174-684-923-163,Samantha Lopez,Non-Fiction,Good,1937,36.85
LIBFulE1,411-889-285-664,Ronald Burke,Biography,Fair,1853,48.92
LIB3A7U6,429-777-197-622,Jose Miller,Science,Good,2016,14.9
LIBxFsHG,453-279-741-338,Rachel Ruiz,Non-Fiction,Fair,1999,93.34
LIBPAm43,003-210-900-040,Zachary Ellis,nan,Fair,1958,53.65
LIBugUTw,601-741-990-868,Jennifer Brown,Fiction,Excellent,1823,25.02
LIBovE80,972-793-321-892,Tracy Washington,Science,Good,1931,26.94
LIBDhqDh,784-014-794-511,Rickey Guerrero,Science,Excellent,1998,97.87
LIBiwLmQ,584-739-346-400,Allen Woods,nan,Good,1872,68.82
LIBp7jKH,407-103-012-493,Nicholas Cox,Non-Fiction,Good,1865,19.89
LIBTfnIC,717-977-984-129,Mrs. Dana Brewer,History,Fair,1914,81.5
LIBKs86d,649-357-216-105,Christine Martin,nan,Good,1935,21.16
LIBM2D6X,360-045-184-228,Madeline Peck,History,Excellent,1985,
LIB9pQi5,358-436-773-418,Mrs. Amy Miller,Biography,Excellent,1939,20.4
LIBakxu9,634-846-694-406,Kara Hickman,nan,Excellent,2018,45.88
LIBjt7Kb,037-493-181-283,Elizabeth Taylor,Biography,Excellent,1900,94.03
LIBFeEpw,614-869-598-833,Kimberly Taylor,Biography,Excellent,1934,96.48
LIBuETsq,243-548-126-368,Mr. Benjamin Mitchell,History,Fair,1910,10.58
LIBhpRqi,533-474-208-001,Christopher Rivera,History,Good,1803,28.17
LIB2Hu47,477-446-348-690,Nicholas Le,Science,Excellent,1849,71.95
LIBgD00S,476-096-137-503,Eric Mason,nan,Excellent,1912,44.83
LIBimfck,257-507-404-981,Jennifer Quinn,Biography,Good,1889,17.51
LIBiOtRs,733-251-849-537,Jose Nelson,Biography,Good,1912,
LIByazaK,585-250-912-227,Douglas Henry,History,Excellent,1944,86.11
LIBPH5Hg,150-927-311-200,Jeremy Porter,Fiction,Excellent,1965,89.36
LIBIV2Sw,636-464-614-507,Corey Wolf,Science,Good,1804,68.43
LIBhAJsg,374-247-555-218,Derek Miller,Fiction,Good,1836,11.14
LIBLnFfU,620-794-199-089,Brian Smith,Science,Good,1978,81.75
LIBjob5c,351-305-111-334,Lynn Gomez,Non-Fiction,Good,1938,20.53
LIBL94Z3,460-808-704-620,Taylor Cunningham,History,Excellent,1967,41.76
LIBgDeVe,546-274-267-438,Nicole Lewis,nan,Good,1905,90.62
LIBjgJp0,240-247-541-213,Gerald Tyler,History,Good,1954,51.4
LIBjj0n7,141-416-660-004,Pamela Long,Biography,Fair,1951,10.32
LIB678GX,794-640-481-664,James Morris,Biography,Good,1916,26.52
LIB9S5ym,242-194-723-671,Alexander Martin,Science,Good,1909,72.8
LIBuMk2D,120-424-297-943,Daniel House,Non-Fiction,Excellent,1811,38.6
LIBEOotE,470-316-067-504,Alexandria Wright,Non-Fiction,Good,1961,96.95
LIB41rUn,797-573-820-590,William Dunn,nan,Good,1868,37.57
LIBs62le,135-045-389-113,Valerie Sandoval,Non-Fiction,Good,1858,88.14
LIBzhth5,209-234-947-768,Douglas Ramirez,Non-Fiction,Poor,1995,
LIBKkHnf,263-385-339-687,Sara Wolfe,Non-Fiction,Fair,1889,80.68
LIB532Ii,169-054-169-773,Nancy Massey,nan,Excellent,1987,36.0
LIBIzpmB,184-572-146-554,Ruth Jenkins,Fiction,Excellent,1824,29.12
LIBbwmBp,904-631-206-147,Tony Adams,Fiction,Excellent,1969,47.85
LIBtmkzY,359-364-824-834,Jennifer Bartlett,Non-Fiction,Good,1952,34.09
LIBghrzF,274-836-314-946,William Heath,nan,Excellent,1940,25.56
LIBJWuja,513-621-336-226,Scott Mcpherson,nan,Good,1904,92.57
LIBycdwh,505-356-617-448,Heather Smith,History,Good,1805,67.26
LIB1gWKU,762-026-201-650,Rebecca White,Biography,Fair,1833,10.24
LIBvMnDj,179-658-727-770,Sarah Peterson,Biography,Fair,1823,17.07
LIBc6SXt,646-289-341-164,Allison Griffith,Biography,Fair,1822,37.92
LIBRYqse,306-691-705-622,Randy Bryant,nan,Excellent,1945,19.22
LIBeKKpK,188-593-563-442,Mario Brown,Non-Fiction,Good,1863,
LIBHPWFx,698-685-555-516,Nicholas Brown,Biography,Excellent,1843,84.06
LIBFGkpP,365-897-858-512,Zachary Williams,Fiction,Good,1940,49.77
LIBsGxEf,162-725-761-234,Taylor Ramos,Non-Fiction,Excellent,1827,98.39
LIBBST4l,327-717-132-588,Daniel Briggs,Non-Fiction,Good,1870,39.43
LIBibjxo,699-845-107-145,Michael Wallace,nan,Fair,2007,54.94
LIBuN2eA,645-540-710-334,Heather Flowers,Non-Fiction,Excellent,1891,84.0
LIBt1TUE,197-562-494-588,Jessica Bailey,Science,Good,1861,97.12
LIBm3vnN,973-926-452-553,Michelle Davis,History,Excellent,1987,73.18
LIB0wJyP,907-340-857-093,Justin Livingston,Non-Fiction,Good,1883,19.17
LIBaWKyI,976-937-011-632,Tina Douglas,Science,Excellent,1819,82.64
LIBJeYxW,543-149-413-959,Ashlee Weaver,Biography,Good,1946,27.19
LIBvTI9E,942-445-411-831,Amanda Richardson,History,Fair,1951,75.02
LIBl4qxD,450-338-375-493,Adam Alvarez,Biography,Excellent,2001,78.21
LIB9Bp3U,349-991-713-969,Gina Zimmerman,Science,Excellent,1895,33.31
LIBnyHsg,654-538-496-823,Robert Williams,Biography,Good,2016,35.02
LIBWykuW,166-151-228-923,Catherine Moore,Biography,Fair,1883,16.17
LIB9pqO1,672-868-792-531,Lisa Garcia,nan,Fair,1821,77.33
LIBbUBGp,240-965-731-010,Douglas Lindsey,Fiction,Excellent,1999,67.57
LIBqrkBp,222-543-207-597,Mark Garcia,Non-Fiction,Excellent,1955,
LIB1ZYH4,511-982-947-314,Eric Eaton,Non-Fiction,Excellent,1826,69.95
LIBN7FLI,151-728-189-737,Christine Gutierrez,Science,Excellent,1820,45.7
LIB2YHyo,691-860-550-475,Sara Collins,History,Excellent,1889,13.89
LIBmyHFJ,683-846-737-336,Douglas Mcguire,nan,Fair,1972,93.41
LIBPuIlb,703-265-928-366,Jeremy Smith,Science,Good,1849,44.16
LIBCQejk,388-791-926-981,Michael Jones,Biography,Excellent,1906,13.68
LIBiDSbR,550-567-044-052,Kerry Fletcher,Fiction,Good,1965,86.77
LIBkruiv,333-617-366-973,David Thompson,Non-Fiction,Fair,1928,62.12
LIBUQYv5,631-826-089-398,Douglas Murphy,History,Good,1823,61.13
LIBJZYyl,412-266-722-550,Joseph Fischer,History,Excellent,2008,59.68
LIBPIRN4,835-636-067-395,Jennifer Rose,Fiction,Excellent,1813,44.31
LIBBbb8M,923-071-758-468,Zachary Davis,nan,Good,1818,52.72
LIBKBJdk,399-975-392-369,Maria White,Non-Fiction,Good,1841,85.32
LIBhRglx,079-020-526-858,Ashley Hardin,Fiction,Good,1815,57.37
LIBQ04wu,939-393-347-278,Laura Duncan,Science,Good,1907,
LIBlLvkG,373-075-902-286,Derek Lambert,nan,Excellent,1980,22.39
LIBCNnsn,282-619-083-318,Rachel Bennett,Biography,Good,1849,81.2
LIBDLxeS,329-621-119-374,John Goodman,History,Excellent,1979,92.47
LIBbQnCi,172-977-440-535,Samantha Best,nan,Fair,1849,78.28
LIB6sXIk,891-512-711-005,Brandon Orozco,Science,Poor,1841,44.78
LIBu8S69,434-541-497-345,Sarah Ray DVM,History,Good,1922,65.77
LIBXN5rN,140-218-106-514,Jane Hernandez,Biography,Good,1990,65.55
LIBjn8AE,957-231-709-352,Tiffany Boyle,Biography,Excellent,1857,77.93
LIBS0Hsv,045-750-549-306,Heather Morris,History,Excellent,1843,
LIByNRaY,469-048-510-672,Rebecca Simmons,Fiction,Poor,1998,90.37
LIBm12ru,834-680-364-995,Ariana Buchanan,Fiction,Excellent,1979,68.13
LIBRSxsg,794-804-258-401,Shelby Hood,nan,Excellent,1954,62.61
LIB8gwZZ,938-975-053-204,George Gonzalez,Non-Fiction,Excellent,1941,51.16
LIBcYqyq,537-437-122-558,Melissa Gibbs,Science,Good,1902,
LIBzdifF,364-913-239-679,Monica Fox,History,Good,1903,97.53
LIBp2kS4,176-554-871-246,Jason Vincent,Fiction,Fair,1916,66.66
LIBkOwxA,163-283-700-311,Christopher Harris,Biography,Excellent,1850,94.34
LIBFNXLr,185-449-124-803,Jennifer Fisher,nan,Poor,1836,16.45
LIBEfsAO,955-159-008-395,Madison Owens,nan,Fair,1806,68.73
LIBUqsK3,371-136-180-920,Nicholas Howard,Non-Fiction,Excellent,2017,83.38
LIBQtEVY,434-039-391-419,Jill Gross,nan,Poor,1846,90.32
LIB7nDT3,228-704-288-487,Cassandra Reed,History,Good,1879,90.32
LIBXyT2f,213-552-589-225,Joshua Anderson,Non-Fiction,Excellent,1820,92.95
LIBGfZ9o,980-312-488-952,Jamie Meyer,Biography,Excellent,1991,34.75
LIB83fss,010-656-870-285,Margaret Bennett,History,Excellent,1884,46.66
LIB02HqG,072-990-839-131,Allison Fisher,History,Excellent,1867,12.68
LIBzLTOl,087-644-317-139,Adrian Wang,Fiction,Excellent,2017,48.84
LIBmerXR,023-116-099-719,Edwin Campos,Science,Fair,1838,92.33
LIBvG9t3,281-071-790-082,Erik Grant,Science,Excellent,1844,21.49
LIBMmL9r,672-816-916-348,Matthew Jackson,Biography,Good,1962,40.69
LIBZdlAA,298-287-827-295,Johnathan Buck,Biography,Good,2006,64.56
LIBpeAG8,924-919-346-278,Jacqueline Michael,Fiction,Excellent,1860,49.04
LIBG6Z6L,039-645-402-605,Samantha Stone,History,Good,1883,
LIB7pXSP,807-875-049-895,Jessica Mccall,nan,Excellent,2004,97.72
LIBsee4K,427-279-747-657,Donna Kennedy,History,Good,1844,75.15
LIBGrQvK,665-444-344-071,Christina Cole,Science,Good,1851,97.27
LIBr3Sbh,307-331-531-681,Michael Pena,Fiction,Fair,1990,67.56
LIBGLwOH,619-646-119-372,Tamara Fitzpatrick,Science,Good,1863,66.41
LIBnd1LX,859-936-434-944,Matthew Moore,Fiction,Fair,1809,56.67
LIBXS4mz,657-515-485-874,David Ferguson,History,Poor,1813,28.92
LIBlJieb,993-809-745-978,Patrick Johnson,nan,Excellent,1952,87.62
LIBKUsh7,405-815-473-676,Haley Vasquez,Fiction,Good,1994,77.72
LIB1UV9M,767-408-391-926,Micheal Wright,History,Excellent,2008,89.68
LIBN9ScV,004-314-280-438,Margaret Patton,Non-Fiction,Good,1828,91.64
LIBUwl79,094-136-007-833,Joseph Johnson,Science,Good,1985,60.54
LIBaRuzh,896-779-646-690,Robyn Flynn,Science,Excellent,2003,82.38
LIBXnXft,054-568-387-756,Mr. Drew Morales,Fiction,Excellent,1937,
LIBU60iO,283-109-607-552,William Campbell,Non-Fiction,Poor,1907,98.34
LIBxLPIk,610-037-253-597,Mary Johnson,History,Fair,1882,
LIBdqwZC,117-330-966-304,Carolyn Sims,nan,Fair,1922,84.88
LIB0aCYF,588-983-004-502,Tammy Martinez,Non-Fiction,Good,1820,56.19
LIBjMJZt,533-715-587-788,Luke Blackburn,Non-Fiction,Fair,1813,88.92
LIBn8ynp,017-694-709-732,Brandon Hunter,Fiction,Excellent,1881,17.14
LIBVKgTh,750-517-218-296,Jessica Hendricks,Science,Excellent,1995,12.19
LIB95bf7,184-684-888-680,Daniel Fox,nan,Excellent,1976,
LIBYBUnp,538-354-583-738,Tammy Brown,nan,Good,1930,67.08
LIBD3qfZ,684-550-485-024,Crystal Gould,Science,Excellent,1813,39.78
LIBgwRvO,923-576-130-996,Sean Gray,Science,Excellent,1844,77.8
LIBh9QGU,375-977-140-806,Megan Kramer,Science,Good,1840,67.63
LIBJhV1Y,997-952-568-957,Joshua Kelly,Fiction,Good,1801,
LIBrciQP,754-031-070-411,Michael Page,nan,Fair,1802,91.91
LIBcsaiW,804-526-649-602,Ethan Griffith,History,Good,1898,50.59
LIBsSDds,490-485-932-412,David Dominguez,Science,Poor,2000,27.94
LIBJl18l,089-024-396-441,Lauren Mathis,Science,Excellent,1993,88.87
LIB4DCzg,222-186-637-752,Dr. Jessica Robles,Biography,Excellent,1951,29.74
LIBUcRKF,912-111-824-782,Audrey Donaldson,Fiction,Excellent,1816,51.79
LIBqGj8q,126-361-874-544,Anne Terry,nan,Fair,1958,96.19
LIBrzktY,620-983-040-064,Bradley Miller,Non-Fiction,Good,1845,67.51
LIBxKRQe,980-303-868-832,Anthony Clark,History,Excellent,1990,31.09
LIBCw9pj,989-789-924-982,Sara Reeves,Fiction,Poor,1948,76.32
LIB5XooV,283-048-209-150,Jared Pearson,Non-Fiction,Fair,1910,25.35
LIBgClYa,158-015-135-727,Thomas Garcia,Biography,Good,1943,78.37
LIBEIawl,520-504-050-818,James Howard,History,Fair,1960,27.87
LIBgrxwe,694-279-856-253,Blake Valenzuela,Non-Fiction,Fair,1906,82.76
LIB7ymsH,215-812-455-428,Miranda Lewis,Science,Good,1944,42.0
LIBqpiIH,131-122-865-288,Rebecca Woods,nan,Excellent,1942,86.85
LIBKO3hC,612-631-220-608,James Campbell,nan,Good,1934,65.91
LIBffokC,303-159-911-796,Dr. Amy Robles,Biography,Good,1872,73.93
LIBulKlR,027-084-874-629,Ricardo Schneider,nan,Good,1911,74.67
LIBTemDf,474-553-509-741,Jordan Howell,Science,Excellent,2013,11.21
LIBzMg6r,495-641-471-656,Tracey Long,Non-Fiction,Good,1924,91.18
LIBDOYhZ,052-617-349-681,Sarah Joseph,Biography,Excellent,1861,23.7
LIB2Xfku,104-876-404-456,Shawn Larsen,Non-Fiction,Good,1975,80.6
LIBCbvuv,012-197-880-129,Lisa Franklin,Science,Fair,1818,33.7
LIBaapO4,844-185-406-853,Nicholas Saunders,Biography,Excellent,1920,44.25
LIBhvkIj,651-152-351-475,Maria Mckinney MD,Fiction,Excellent,1932,83.53
LIBq4RSD,995-822-240-814,Ryan Patel,Science,Excellent,1805,
LIBMLdek,961-274-274-489,Justin Davis,Science,Excellent,1812,66.49
LIBdSuUW,161-441-148-543,Michael Lopez,Non-Fiction,Good,1986,80.16
LIB48NPi,020-802-739-815,Mary Grant,Biography,Good,1896,
LIBowWAQ,585-392-539-006,Richard Smith,Non-Fiction,Good,1937,38.76
LIBocbWk,109-412-887-398,Natalie Marks,Science,Fair,1851,17.02
LIBcRoCF,550-070-014-676,Joseph Romero,nan,Excellent,2003,37.22
LIB6QloA,805-323-872-607,Rachael Robinson,Fiction,Fair,1921,11.63
LIBwfTjY,392-842-829-339,Julie Taylor,Fiction,Good,1812,62.67
LIBUIZFa,740-058-507-460,Andrew Powell,Non-Fiction,Fair,1967,62.14
LIBbHLw4,913-345-675-264,Erika Wilson,Biography,Excellent,1834,11.76
LIB6dR5z,173-024-841-547,Kayla Morris,Science,Good,1836,54.01
LIBmBn3n,332-166-598-519,Joe Smith,History,Poor,1930,15.65
LIB4xg5z,872-729-707-616,Stuart Hall,Fiction,Poor,1927,96.14
LIBgWBvK,939-962-957-900,Amanda Haynes,Fiction,Excellent,1843,83.38
LIBDRyOm,067-889-847-333,Rachel Webb,History,Good,1994,70.75
LIB6vHBE,536-557-972-699,Evan Dixon,Biography,Excellent,1938,24.1
LIBkSl6d,100-890-654-766,Daniel Smith,Science,Good,1867,27.73
LIB95kf2,864-377-754-339,Bryce Morales,History,Good,1831,63.97
LIB4pM0Y,079-944-534-563,Matthew Moore,Biography,Fair,1887,96.38
LIBxhiBz,461-938-600-789,Samuel Castro,Science,Good,2009,38.57
LIBS19b5,564-855-092-980,Dr. Ross Flores,Non-Fiction,Good,1862,12.2
LIBqaGmt,750-551-798-361,Jody Schultz,Science,Fair,1891,31.02
LIBvBe7A,446-787-413-367,Joseph Brown,Non-Fiction,Poor,2000,39.91
LIB43jH3,998-181-760-438,Jennifer Smith,Non-Fiction,Excellent,1998,33.94
LIB0gjAJ,289-809-860-080,Joshua Ramos,Non-Fiction,Good,1939,20.82
LIBGrnDG,714-743-897-173,Mr. Joshua Black Jr.,Science,Fair,1940,
LIBXLRJX,660-569-149-170,Lindsey Parsons,History,Good,1925,51.77
LIBGjTNU,053-527-900-677,Herbert Shaw,Fiction,Poor,1990,75.81
LIBdW7CV,494-998-169-800,Destiny Anderson,Science,Good,1836,30.37
LIBI2erM,556-086-038-503,Tracey Chandler,Fiction,Good,1932,37.99
LIBOCA0e,447-749-114-729,Ronald Castillo,History,Fair,1891,64.56
LIBcKS5f,156-026-144-246,Eugene Wright,Science,Poor,1891,64.38
LIB6D05p,334-680-184-939,David Charles,Biography,Excellent,1956,67.1
LIBemRWo,793-101-497-703,Mark Blanchard,Non-Fiction,Excellent,1806,
LIBubPCF,322-948-198-193,Christine Gill,Non-Fiction,Excellent,1819,81.44
LIB8QXjw,233-938-187-147,Tyler Lloyd DVM,Science,Poor,2006,
LIB6vVOf,178-388-694-689,Marc Bailey,Fiction,Excellent,2005,32.52
LIBWIIox,259-140-150-703,Christine Rodriguez,nan,Good,1934,54.43
LIBX4NOH,198-822-522-486,Karla Casey,Non-Fiction,Excellent,1962,36.15
LIBh4DxE,401-880-089-268,Courtney Contreras,Biography,Fair,1882,92.9
LIBkFxyx,777-760-567-676,Karen West,Science,Good,1804,79.35
LIBfp2QD,219-425-232-248,Erin George,Non-Fiction,Excellent,1946,39.93
LIBkgOln,019-369-479-437,Mark Valdez,Fiction,Good,2005,82.76
LIBMoQYC,919-089-171-517,Julie Daniels,Science,Excellent,1868,71.28
LIBQO8d0,307-686-177-226,Jesse Cole,Fiction,Excellent,1832,28.7
LIBI9z30,635-589-623-852,Melissa Jordan,nan,Good,1868,43.55
LIBTHmab,824-862-467-550,Keith Thomas,Science,Excellent,2006,43.86
LIBGIXh4,692-759-069-033,Pam Pearson,Non-Fiction,Excellent,1806,31.55
LIBxkNqu,856-721-897-684,Todd Lewis,History,Excellent,1988,12.11
LIBZ6EBE,944-502-677-510,Barbara Gomez,Science,Good,1946,23.19
LIBof1rZ,399-476-064-112,Ricardo Curtis,nan,Good,1923,41.64
LIBBIcqB,742-490-077-045,Marcus Mcdaniel,Non-Fiction,Good,1965,60.7
LIBMXpLr,503-445-211-799,Elizabeth Wilson,Non-Fiction,Excellent,1996,41.2
LIBYlIEc,352-226-118-156,Elizabeth Young,Fiction,Excellent,1844,18.21
LIB9pt9O,902-359-910-701,Danielle Mendez,Non-Fiction,Good,1889,70.77
LIBvMUN0,674-681-501-242,Jacqueline Taylor,Science,Good,2010,
LIBciTYD,959-186-151-920,Samantha Heath,Biography,Poor,1827,61.93
LIB8qT61,667-374-408-856,Christine Carpenter,Biography,Good,2004,56.73
LIBakQmE,480-387-174-115,Connie Stevenson,Science,Fair,1890,81.66
LIBR72qL,478-131-674-261,Kristine Larson,History,Fair,1853,36.49
LIBNEn93,643-777-150-388,Savannah Zavala,nan,Fair,1958,77.0
LIBpsWv5,561-662-246-569,Alexandra Perez,Science,Excellent,1818,46.99
LIBgAnkc,955-401-407-875,Brandon Hensley,Science,Good,1863,40.13
LIBYT9bl,780-472-993-275,David Mcdonald,History,Fair,2000,71.2
LIBFUSmY,888-330-603-678,Richard Ray,Fiction,Fair,2010,92.76
LIBfWZ1G,397-150-324-547,Cristina Chambers,Fiction,Good,1948,55.27
LIBLZ1JK,235-860-384-459,Brian Pace,Non-Fiction,Excellent,1863,10.35
LIBig9eb,110-120-263-709,Carolyn Andrade,nan,Good,1824,69.69
LIBv9W8a,905-182-481-764,Richard Maxwell,Biography,Excellent,2017,56.49
LIBFSdqL,547-586-759-816,Olivia Harris,Biography,Excellent,1855,94.01
LIBPOHMd,949-024-342-357,Anne Scott,Non-Fiction,Fair,1908,76.34
LIBaL8CM,649-350-563-129,Adam Johnson,History,Fair,1896,50.55
LIBzS9MG,361-691-904-327,Steve Alvarado,Fiction,Good,1919,45.48
LIBkXkJg,563-346-804-866,Pamela Pena,History,Excellent,1974,54.3
LIBxwaWL,262-135-321-625,Christopher Allen,Non-Fiction,Excellent,1921,28.84
LIBqKPxT,384-172-526-378,Shannon Jones,Non-Fiction,Excellent,2001,
LIBpHMl5,710-369-168-718,Hannah Davila,History,Good,1810,53.0
LIBSOKQj,372-872-824-156,Shawn Smith,Science,Excellent,2021,82.39
LIBRRyEE,404-291-630-366,Valerie Little,Non-Fiction,Excellent,1991,15.87
LIB1upN2,849-250-239-109,Tyler Sexton,nan,Fair,1809,55.83
LIBjZb9u,488-057-709-943,Rachael Castillo,History,Fair,1997,39.72
LIBPL2ox,080-315-733-257,Dr. Justin Shah MD,Fiction,Fair,1853,49.66
LIBGeJcS,361-393-837-343,Christopher Ballard V,nan,Excellent,1877,76.27
LIBqAJzh,517-135-794-840,Robert Conley,Science,Excellent,1968,14.62
LIBfsycU,344-679-817-591,Terrence White,nan,Poor,1956,94.02
LIBAhSrF,584-925-062-183,Sara Brown,Science,Good,1940,45.27
LIB7JmVR,445-726-706-498,Kenneth Smith,Science,Good,1943,46.7
LIBBIb7l,741-938-688-658,Clinton White,Science,Good,1886,31.68
LIBIQj8S,888-416-942-678,Robert Henry,History,Excellent,1841,78.51
LIBG2C0L,279-621-262-452,Michelle Contreras,nan,Good,1929,96.0
LIBTlhEV,668-969-710-164,Robert Holder,History,Excellent,1999,21.1
LIB0trMR,294-092-853-902,Lindsey Wilson,Science,Excellent,1919,58.13
LIB1SCFZ,200-122-010-392,Travis Garcia,Science,Good,1929,
LIBVIJVq,473-943-631-693,Cynthia Simon,Non-Fiction,Excellent,1954,67.6
LIBtXpLy,136-985-328-891,Maria Russell,Non-Fiction,Poor,1972,15.8
LIB7eH6w,453-441-889-687,Robert Mccann,Biography,Excellent,1846,88.08
LIBytHBP,599-928-574-035,Hannah Dodson,Non-Fiction,Good,1995,25.52
LIBxV3X9,422-366-347-390,Randy Ross,Fiction,Fair,1906,
LIBg7nLG,583-477-820-868,Brenda Austin,Fiction,Good,1844,61.6
LIBneFco,409-764-280-649,Lonnie Barrett,History,Fair,1874,
LIBDxwKW,199-908-701-960,Tyler Ramos,Science,Good,1975,30.61
LIB7dIcv,866-263-789-137,Reginald Harper Jr.,Fiction,Excellent,1909,99.17
LIBR4ewH,449-613-350-486,Judith White,Fiction,Good,1955,
LIBt0bKr,663-260-929-347,Vincent Long,Science,Poor,1930,33.1
LIBBJdS1,516-760-233-127,Anthony Lozano,Science,Fair,1910,66.65
LIBL0wDF,769-067-559-393,Kevin Miles,Science,Poor,1990,26.94
LIBYvDIt,225-280-476-386,Nicole Hughes,nan,Excellent,1963,40.22
LIBFxjKI,169-736-916-698,Katherine Brown,Science,Fair,2001,98.38
LIBeuuOu,082-961-254-689,Gary Porter,Biography,Poor,1983,64.44
LIBWDpRz,325-551-137-381,Dylan Hubbard,Fiction,Good,1921,53.62
LIBaayVR,141-662-838-775,Amanda Banks,Science,Fair,1999,83.16
LIBt2yZ9,361-197-304-068,Tyler Murphy,Non-Fiction,Good,2005,97.62
LIB1HHkf,368-814-258-910,Caitlin Cherry,Fiction,Fair,1928,
LIBu5ipH,736-366-168-926,Caitlyn Johnston,Fiction,Excellent,1831,48.98
LIBL17CX,834-027-996-981,David Pugh,Non-Fiction,Excellent,1988,87.85
LIBiQal7,271-127-923-816,Mark Vazquez,Non-Fiction,Excellent,1862,27.1
LIBeFtcx,713-065-183-945,Autumn Turner,Biography,Fair,1986,76.69
LIBz17xQ,475-274-623-783,Jesse Burke,Non-Fiction,Excellent,1882,13.16
LIBXhmHI,708-704-423-497,Eileen Harris,Biography,Excellent,1827,31.37
LIBZJn9T,629-226-296-166,Carrie Gross,Fiction,Excellent,1974,
LIBd0Pqw,868-610-123-041,Vincent Charles,Fiction,Poor,1892,47.07
LIB35mHq,359-795-960-309,Jeff Montes,Fiction,Good,1970,67.64
LIB4Hm90,032-551-065-198,Alexander Sandoval,Fiction,Excellent,1988,29.74
LIBYxR4i,642-174-914-163,April Pitts,History,Poor,1859,
LIBXASff,121-452-055-598,Amanda Wilson,Non-Fiction,Fair,1841,48.73
LIBOVCIz,495-260-664-720,David Duran,Non-Fiction,Excellent,1847,50.78
LIBAApey,932-294-052-085,Jessica Hill,History,Excellent,1822,87.77
LIB7GeCb,649-176-033-528,Dawn Castillo,History,Excellent,1802,30.03
LIBgCVhd,071-095-294-974,Riley Thomas,nan,Fair,1977,94.07
LIB06ccH,273-729-755-673,Darius Schmidt,Non-Fiction,Excellent,2006,44.98
LIB7K4C9,614-264-012-142,Erin Martinez,Non-Fiction,Good,1929,29.75
LIB3Eg48,015-770-885-187,Anthony Martin,Science,Fair,1881,29.1
LIBcJWuw,122-353-986-166,Jared Duran,Fiction,Excellent,1902,56.64
LIBxxdYa,414-567-203-321,Lisa Williams,Non-Fiction,Poor,1803,73.17
LIBwsG6I,370-305-287-971,Tammy Mills,nan,Excellent,1846,55.76
LIBRsBaF,842-536-200-430,Duane Davis,Science,Excellent,1966,64.83
LIBuYK2H,363-350-478-947,Jeremiah Carr,History,Excellent,1893,81.13
LIB4fbUP,734-530-620-746,Daniel Marsh,Biography,Excellent,2003,20.27
LIBbWqOB,866-715-606-766,Amber Choi,nan,Excellent,1950,93.91
LIBrwb0Y,519-491-155-247,Jack Russo,Fiction,Excellent,1938,
LIB78Aa7,873-055-573-177,Nicole Ortiz,Fiction,Good,1997,50.9
LIBsRoqp,207-668-512-149,Craig Alvarado,Science,Fair,2020,19.51
LIBAYcpm,260-572-217-973,Caleb Dawson,nan,Good,2007,96.7
LIBwzJFA,324-987-525-133,Susan Long,Science,Good,2014,48.2
LIB9LfTm,674-926-687-711,Mike Smith,Science,Excellent,1824,11.33
LIBlWHaU,679-998-178-617,Jason Thomas,Non-Fiction,Excellent,1896,74.45
LIBho24S,306-010-450-676,Michelle Vega,Non-Fiction,Good,1966,49.88
LIBd7jfN,580-221-198-875,Thomas Villa,nan,Excellent,1986,11.45
LIBe5RgV,207-980-120-955,Susan Sanders,Biography,Good,1812,
LIBaZq01,126-204-276-700,Amy Smith,History,Excellent,1829,58.09
LIBSCLJx,445-614-892-303,Jacob Black,Fiction,Excellent,1890,57.5
LIBxPGIO,670-064-109-225,Anthony Zuniga,Fiction,Excellent,1957,35.12
LIBEJBet,026-932-031-337,Jacqueline Nguyen,nan,Excellent,1950,
LIBwgquf,667-659-536-607,Jennifer Barron,Biography,Excellent,1950,29.35
LIBHTnu5,819-541-796-485,Lisa White,Fiction,Excellent,1918,26.65
LIB9X6g6,076-031-879-424,Jason Jones,History,Good,1965,44.3
LIBzksAv,856-933-155-473,Andrew Ramirez,History,Excellent,1868,37.28
LIBqav2x,957-258-753-804,Michael Gonzalez,nan,Excellent,1828,
LIBX07ZV,790-001-180-183,Christie Hurst,Fiction,Excellent,1816,68.46
LIBQkgyI,937-306-746-417,Susan Palmer,History,Fair,1967,
LIBaHPud,694-624-821-756,Daniel Ramirez,Science,Fair,1862,48.04
LIBhnjjJ,326-120-346-281,Miguel Doyle,Fiction,Good,1861,37.8
LIBa9syZ,094-239-394-615,Cassidy Cisneros,Biography,Excellent,1812,55.62
LIBkgDv0,434-561-632-932,Nathaniel Reynolds,Biography,Excellent,1992,90.97
LIB7FWKX,546-992-399-577,Bryan Carroll,Non-Fiction,Good,2005,
LIB10nwG,606-154-338-284,Joann Becker,History,Poor,1869,44.06
LIByj3Nv,443-283-780-293,Glenda Ashley,Non-Fiction,Fair,1948,54.56
LIB3eS7y,015-550-402-539,Lawrence Smith,History,Excellent,1828,22.62
LIBPlhtI,178-952-289-066,Wesley Black,Biography,Good,1918,12.91
LIBkRa2n,961-600-639-118,Robert Hayes,Fiction,Fair,1842,71.85
LIBitcDb,477-634-684-807,Bruce Gonzalez,nan,Good,1899,19.37
LIBsziDN,471-884-611-337,Anne Cole,Biography,Fair,1935,40.85
LIB7Kn2A,968-886-371-030,Patrick Mitchell,Science,Good,2021,
LIBviXM6,553-320-842-745,Dr. Shawn Oconnor,History,Excellent,1882,58.52
LIBBt10U,201-814-854-625,Karina James,nan,Excellent,1811,
LIBKqyKb,486-622-560-271,Vincent Price,History,Fair,1966,74.26
LIBc3T3P,465-073-712-148,Theresa Mcdaniel,nan,Excellent,1997,28.5
LIBLNOjJ,256-871-823-206,Jeffery Robles,Fiction,Excellent,1885,14.57
LIBAYz7q,189-305-197-723,Christopher Murphy,Fiction,Excellent,1918,43.26
LIB5ltpO,937-512-756-336,Kara Whitaker,Fiction,Excellent,2018,69.57
LIBrGItA,432-439-184-692,Jennifer Horton,Non-Fiction,Excellent,2013,53.26
LIBI2pdv,399-237-696-341,Patricia Meadows,Biography,Good,1918,56.67
LIBHMtcJ,177-087-788-943,Charles Gonzales,History,Excellent,1812,96.27
LIBuAcpy,947-312-277-680,Nicholas Porter,Fiction,Good,1819,
LIB7tzQW,685-615-068-508,Mark Shelton,nan,Excellent,1890,12.05
LIBjdkVE,359-781-222-907,Keith Nichols,nan,Poor,1860,10.63
LIBVXMbz,537-034-686-082,Karen Buchanan,Fiction,Fair,1993,60.63
LIBe6v6L,901-462-855-547,Stanley Wells,Non-Fiction,Excellent,1868,
LIBNQtxc,976-559-332-656,Douglas Smith,Non-Fiction,Good,1871,23.26
LIBGw2o9,790-806-746-934,Frances Caldwell,nan,Excellent,2014,89.65
LIB2X0NQ,830-239-920-025,Nicholas Scott,History,Excellent,1906,29.6
LIBobbUa,181-290-047-156,Lance Marsh,Science,Poor,2004,20.81
LIBcSOw4,827-420-971-647,Kevin Price,History,Fair,1863,74.19
LIBAUZto,432-466-379-649,David Henry,Non-Fiction,Excellent,1867,87.23
LIBpVaFN,900-332-088-025,Chloe Flores,nan,Excellent,1848,81.4
LIBK3daJ,328-862-753-853,Mrs. Denise Simpson,nan,Good,2009,54.22
LIB2bgds,059-892-592-882,Christopher Wolfe,History,Good,1879,28.65
LIBwo2RC,156-628-479-317,Victoria Avery,nan,Excellent,1968,63.74
LIBgSf6K,811-753-208-738,James Anderson,Fiction,Good,1958,44.16
LIB4Yl30,772-911-870-782,Erin Smith,nan,Good,1986,59.23
LIBZPGX2,913-353-708-235,Christopher Bradley MD,Non-Fiction,Excellent,1860,36.74
LIB1Xj8R,630-984-744-118,Shannon May,Fiction,Fair,1961,
LIBG5YOQ,669-913-563-964,Bryan Olson,Biography,Fair,1882,35.72
LIBXj7VI,665-154-413-491,Allison Allen,Non-Fiction,Excellent,1883,20.54
LIBG0uv0,368-796-832-687,Raymond Huffman,Fiction,Fair,1954,83.23
LIBhbWz2,389-561-895-263,Abigail Rodriguez,History,Fair,1826,90.99
LIBeYXgy,784-713-520-429,Carlos Anderson,Biography,Good,1857,28.12
LIB3qKQB,413-091-460-307,Jacob Smith,History,Good,1925,29.53
LIBOtp2m,166-660-282-952,Karl Mosley,Fiction,Excellent,1936,57.1
LIBG1QE2,769-082-474-057,Veronica Davis,Non-Fiction,Excellent,1877,73.51
LIBzVN52,002-990-438-095,Sarah Robbins,nan,Fair,1944,18.83
LIBVE8uv,273-492-120-358,Amanda Gonzalez,Science,Fair,1950,82.37
LIBlaREf,546-147-890-767,Cindy Gutierrez,Fiction,Good,1800,57.9
LIBZcyeb,592-194-363-500,Mike West,Non-Fiction,Excellent,1969,
LIBRg0Pa,080-512-083-143,Jeffrey Logan,Science,Good,1960,40.06
LIBG1j2k,310-500-582-189,Kelly Huber,nan,Good,1848,48.92
LIB2yzee,467-505-763-082,Michelle Chandler,Biography,Good,1996,51.02
LIBOF1zW,462-729-258-859,Lisa Hays,Non-Fiction,Excellent,1902,75.97
LIBlANpC,489-332-384-588,Jennifer Garcia,History,Good,1951,53.34
LIByjpb8,777-412-868-137,William Simmons,Science,Excellent,1991,52.92
LIBE1wnj,694-106-408-848,Sarah Waller,Biography,Good,1884,
LIBKHNdS,907-446-969-748,Susan Fernandez,Biography,Excellent,1954,51.28
LIBHgwqt,698-757-063-818,Jared Henderson,Non-Fiction,Excellent,1958,59.55
LIBSPQKn,153-458-545-043,Jeffrey Edwards,nan,Excellent,1903,67.14
LIBp8xZU,222-469-609-804,Shaun Simon,Biography,Good,2014,55.52
LIBbqR7x,287-334-791-760,Michael Shah,History,Excellent,1967,22.17
LIBkrqxL,743-625-949-128,Nicole Lambert,nan,Good,1955,21.62
LIBXdG0F,183-568-187-606,Dan Rodriguez,nan,Good,1813,76.32
LIB8YAa5,613-559-902-721,Rachel Oconnor,nan,Poor,1901,54.25
LIB1PUFX,668-193-540-066,Joseph Fields,Science,Poor,1999,49.01
LIBzFmpr,480-865-385-972,Roger Burgess,nan,Fair,1900,16.79
LIBgAsRz,540-161-426-762,Leslie Clark,nan,Fair,1828,83.39
LIBRxTV3,737-408-693-926,Robert Robinson,Biography,Excellent,1976,70.95
LIBbL7kZ,408-240-684-811,Angela Perez,Non-Fiction,Excellent,1936,44.29
LIB9WkUi,377-816-100-634,Michele Gilbert,Biography,Excellent,1827,27.92
LIBJfCHg,585-348-849-823,John Johnson,Fiction,Fair,1924,47.49
LIB6LX4h,119-335-991-208,Sean Lee,Non-Fiction,Good,1906,85.54
LIBnLyPG,704-565-650-419,Yvonne Bishop,nan,Excellent,2007,99.51
LIBUXiiM,925-835-377-733,Michelle Cardenas,Non-Fiction,Poor,1964,18.32
LIBphtgR,719-423-840-030,Lynn Jordan,nan,Excellent,1856,14.13
LIBPGs6Y,452-014-032-781,Gerald Carter,Fiction,Fair,1933,11.16
LIBUBFjf,240-135-285-742,Emily Lamb,History,Good,1805,27.27
LIBgRYMj,812-585-640-029,David Grant,Fiction,Excellent,1993,65.88
LIBSndpH,573-525-917-903,James Forbes,nan,Fair,1924,99.86
LIBBRYy9,528-958-347-137,Felicia Boyle,History,Good,1806,93.4
LIBeBj44,104-767-857-146,Amber Acosta,Non-Fiction,Fair,1816,
LIBuZXDV,501-514-175-578,Robin Bryant,nan,Good,1915,60.99
LIBMDxYx,539-908-142-201,Elizabeth Martin,Science,Excellent,1995,35.63
LIBY8Rhc,363-965-215-004,Melissa Finley,Fiction,Fair,1806,34.71
LIBGY6Jn,467-472-224-992,Ryan Richardson,Fiction,Good,1821,98.41
LIBfuXmY,781-349-640-230,Whitney Taylor,nan,Excellent,1978,17.16
LIBKZVp7,791-642-047-916,Adam Osborne,Science,Good,1938,57.51
LIByTo2d,555-688-450-461,Amanda Blanchard,nan,Excellent,1873,76.57
LIBEZ2AS,334-474-847-656,Jessica Johnson,Science,Fair,1899,
LIBxopkC,568-082-073-158,Mark Lara,Science,Excellent,1903,64.8
LIBBIQ5n,554-639-287-336,Samantha Galloway,nan,Excellent,1886,37.61
LIBYXCw9,760-635-314-304,Audrey Walker,Science,Good,1854,58.12
LIBQ1565,337-993-146-443,William Olson,Fiction,Excellent,1980,71.45
LIBBIstJ,170-036-668-735,Jesse Singh,nan,Good,1904,63.48
LIBVHoJq,846-506-775-402,Sherri Mcintyre MD,Biography,Excellent,1903,52.61
LIB8OKI2,187-971-656-500,Samantha Phelps,Non-Fiction,Excellent,1878,84.11
LIBUsI7r,620-513-898-300,Shannon Trevino DVM,Science,Excellent,1855,13.78
LIBxJudn,656-881-128-697,Andrea Cox,History,Excellent,1984,29.73
LIBRFwMH,587-702-800-568,Jordan Fletcher,Biography,Good,1951,35.27
LIBWV84q,219-902-909-838,Amy Johnson,Science,Fair,1996,79.32
LIBQGixc,007-926-604-915,David Smith,History,Poor,1899,
LIBcicVR,328-533-643-714,Raven Brown,nan,Good,1832,39.71
LIB2QRoW,211-716-112-029,Christopher Ward,Fiction,Fair,1912,91.21
LIBkanzP,559-327-636-961,Donald Johnson,Science,Excellent,1956,64.59
LIBjtrKw,680-710-256-893,Duane Vasquez,Fiction,Fair,1926,76.89
LIBYmUnP,067-176-728-865,Tara Walker,Non-Fiction,Good,1857,18.01
LIBCfnPS,564-714-852-400,Rachael Holmes,History,Good,2002,90.98
LIBudfAA,986-279-748-106,Joe Thomas,Fiction,Excellent,1958,55.06
LIBRjBMh,610-521-061-913,Dustin Holden,History,Excellent,1839,
LIBuf5D8,124-488-694-511,Joe Edwards,Biography,Good,1819,
LIBnxO1N,670-496-295-353,Nicole Watts,nan,Good,1974,99.79
LIB8CUKy,870-161-727-191,John Marquez,Biography,Excellent,1967,46.25
LIBMLShM,473-527-977-456,Joshua Owens,nan,Excellent,1994,
LIB5EMdi,410-871-759-059,Karen Herrera,Biography,Poor,1916,98.96
LIBo2TSS,677-814-923-062,Krista Stone MD,Non-Fiction,Good,1979,19.47
LIBr7UoG,854-516-179-214,Kenneth Williams,History,Excellent,1824,13.09
LIBEu0Qt,422-301-145-572,Christopher Peterson,nan,Good,1884,
LIBlHDdq,120-423-802-437,Sarah Marsh,Biography,Poor,2000,50.97
LIBKzqa4,704-790-849-865,Jeremy Armstrong,History,Good,1824,
LIBzldqP,335-642-733-330,Robin Jones,Non-Fiction,Excellent,1907,25.57
LIBpvqr6,013-358-602-902,Beth Morris,Science,Fair,1802,13.34
LIBSnGex,732-688-910-597,Patricia Holden,History,Poor,1880,38.93
LIBPjwuf,341-737-756-943,Jenny Campos,Biography,Excellent,1885,92.81
LIBSAYmh,588-165-655-887,Erica Davis,Science,Fair,1838,75.65
LIBBDfUa,953-676-680-105,Rachel Ramirez,Science,Good,1917,92.56
LIBA02FT,683-341-511-476,Heather Keller,History,Poor,1877,
LIBgrxMD,813-904-773-881,Thomas Turner,nan,Excellent,1870,
LIBSKtCA,201-673-494-569,Melissa Rodriguez,Non-Fiction,Good,1813,27.87
LIBgx6EO,299-470-551-702,Cindy Cook,History,Excellent,1974,22.66
LIB1XaNm,710-005-043-989,Patrick House,Fiction,Good,1974,71.94
LIBuvaTw,503-116-909-835,Eric Williams,Non-Fiction,Excellent,1968,46.86
LIBLvV6L,283-151-160-442,Renee Fernandez,Fiction,Fair,1889,90.74
LIB3CZoN,900-773-034-280,Sheila Mills,History,Excellent,1999,40.94
LIBItaTz,867-254-409-101,Elijah Pugh,History,Fair,1983,34.37
LIBOdYQ7,672-900-193-553,Karen Nguyen,nan,Good,1998,28.39
LIBjJJSv,534-715-345-844,James Coleman,Science,Good,1854,64.39
LIBmrqPZ,069-300-384-517,Bruce Higgins,Non-Fiction,Fair,1987,68.28
LIBA86JU,857-704-658-956,Selena Colon,nan,Excellent,1832,21.94
LIBL7nyb,980-987-566-172,Thomas Ray,Biography,Fair,1849,89.87
LIBU9AEH,549-616-657-503,Kimberly Schroeder,Biography,Good,1872,19.86
LIBlMGcV,808-154-096-028,Amanda Smith,Science,Excellent,2004,70.04
LIBrp8bO,958-593-546-199,Mrs. Pamela Sutton,Fiction,Fair,1871,36.95
LIBoaoVF,068-498-934-676,Karen Parker,nan,Good,1958,60.26
LIB2R7FY,367-430-160-154,Craig Jordan,Non-Fiction,Good,1824,43.35
LIBLxcbV,733-238-158-830,Caroline Cooper,History,Poor,1834,28.84
LIBX5AJn,851-146-654-381,Beth Goodman,Science,Excellent,1979,20.7
LIBdfrPn,009-589-004-968,Kristine Hall,Biography,Excellent,1947,42.44
LIBrxQPV,474-272-801-124,Rhonda Martinez,nan,Good,2010,78.6
LIBkWufv,189-395-120-291,Craig Howell,Biography,Fair,1871,99.8
LIBj7Vv6,958-832-181-601,Joshua Ryan DDS,Science,Fair,1852,50.72
LIBKdEFR,346-512-544-963,Roy Craig,Non-Fiction,Poor,1877,95.51
LIBD0aqX,603-567-287-350,Stephen Moore Jr.,nan,Poor,1928,19.74
LIBbTGCm,768-415-828-958,Teresa Walker,Fiction,Excellent,1944,19.04
LIBjFxCC,125-488-877-656,Carly Davis,Non-Fiction,Good,1889,
LIBKUAlo,279-754-221-825,Carolyn Harris,Biography,Poor,1928,94.44
LIBeaTYC,217-684-103-448,Marissa Jenkins,Fiction,Excellent,2011,97.34
LIBSHyPf,077-738-331-519,Deanna Mccarty,Science,Excellent,1997,14.4
LIBO2sR7,322-495-457-229,David Watson,nan,Good,1968,42.87
LIBbT7iU,913-768-671-633,Diana Tran,History,Fair,2006,
LIBSItEd,377-650-872-634,Sabrina Andrade,Fiction,Good,1899,20.12
LIB3YNa0,416-323-689-854,Cindy Brown,nan,Fair,1834,20.59
LIBzDL8p,245-287-969-465,Katherine Ross,Fiction,Excellent,1991,30.03
LIBqNV9T,712-280-006-751,Renee Daniels,Fiction,Good,1954,90.41
LIB0X7sx,550-556-780-305,Melissa Jimenez,History,Fair,1948,29.48
LIBMqYVa,532-673-596-507,Tina Lucero,Biography,Fair,1936,71.89
LIB6GQxL,612-047-819-211,Grace Roberts,Fiction,Excellent,1858,16.78
LIBNcMTs,701-046-709-407,Stephen Gill,nan,Fair,1997,60.47
LIBxrpzq,829-020-829-701,Timothy Franklin,Non-Fiction,Good,1957,55.72
LIBiwbim,903-135-036-505,Amber Jenkins,Non-Fiction,Good,1877,99.55
LIB1CS1G,160-757-653-810,Christopher Thomas,Non-Fiction,Good,1924,23.23
LIB4nfu2,891-149-222-367,Shane Barber,History,Good,1947,73.26
LIBZ3O6M,939-577-440-804,Jennifer Mosley,nan,Good,1901,88.94
LIB90189,463-005-752-184,Melvin Woods,Science,Good,1840,88.93
LIBLiuQs,667-621-797-667,Richard Anderson,nan,Good,1868,49.13
LIBMQez6,341-285-715-146,Carolyn Hall,Biography,Excellent,1850,97.45
LIBE6k6r,804-619-178-278,Eric Garcia,Fiction,Excellent,1917,60.75
LIBtFxHV,670-023-866-632,Jessica Cook,History,Good,1872,86.3
LIBzBVwQ,558-899-758-366,Susan Daniels,Science,Excellent,1956,81.77
LIBPhGKL,631-793-802-950,Teresa Hayes,Non-Fiction,Fair,1843,94.1
LIBjgOei,855-399-813-460,Susan Jones,nan,Fair,1809,53.56
LIBBYZXw,452-875-156-636,Kent Hull,Science,Excellent,1864,47.92
LIBTEALA,702-123-803-792,Michelle Brown,Science,Fair,1980,44.28
LIBPU69p,287-768-172-153,Dustin Williams,Non-Fiction,Fair,2021,50.14
LIBjXGP4,029-090-118-056,Crystal Snow,Science,Good,1946,
LIBgM5xV,193-926-941-583,Crystal Rosales,History,Poor,1852,70.37
LIBuPF0e,495-639-885-995,Jason Henderson,Science,Fair,1879,82.89
LIBP3vWX,405-045-068-041,Tiffany Holmes,Fiction,Poor,1812,93.91
LIBZxuxN,677-422-056-315,Carlos Wilson,History,Poor,1947,18.52
LIBVCvIb,370-264-714-404,Shannon Young,Biography,Excellent,1813,22.03
LIBh8cmO,200-721-286-129,Lisa Obrien,nan,Good,1897,23.87
LIBHsPRQ,040-096-471-466,Bradley Liu,History,Poor,1919,94.4
LIB7iowK,505-605-474-845,Stephanie Trevino,Fiction,Excellent,1818,10.12
LIBokJmY,415-956-719-033,Frank Anderson,History,Excellent,1840,48.29
LIBVEuo5,205-438-420-077,Brandon Knight,Non-Fiction,Excellent,1848,83.32
LIBBzfTr,262-399-920-862,Bradley Weiss,Science,Excellent,1950,97.5
LIBxia3C,650-743-154-476,Antonio Ramos,Biography,Good,2003,42.42
LIBFVyX8,290-462-411-795,Jesse Henson,Fiction,Good,1913,19.74
LIBnAY1h,669-927-190-291,Alan Owens,Science,Fair,1891,40.25
LIBJcebJ,953-958-087-072,Donna Morales,Biography,Fair,1856,49.4
LIBFdrb3,498-358-564-611,Gina Hansen,History,Good,1992,91.35
LIBjlkOQ,385-519-440-769,Amanda Wilson,Biography,Fair,1965,
LIBoo7QT,991-145-228-536,Amy Hernandez,nan,Excellent,1861,79.59
LIBSsQyh,824-312-094-849,Stephen Barrett,Biography,Fair,1928,63.07
LIBMvlYl,115-706-243-109,Jennifer Stewart,nan,Excellent,1934,17.8
LIBnxre5,426-217-951-367,Sara Sanchez,Fiction,Good,1803,
LIBFogPu,209-298-574-876,Allison Castro,Fiction,Good,1925,86.58
LIBcdFux,839-437-150-552,Barbara Castaneda,Biography,Fair,1977,33.65
LIBUwcFq,721-449-993-494,Brian Preston,Science,Good,1919,72.14
LIB8sGCl,761-090-659-922,Melanie Estrada,nan,Poor,2018,72.44
LIBXW21M,786-447-607-422,Jordan Meyer,Science,Good,2018,61.73
LIBy1sXR,971-757-742-000,Dawn Horne,Non-Fiction,Good,1889,19.39
LIBX5pyp,645-391-952-543,Lauren Noble,History,Excellent,1957,28.9
LIBHB1RX,935-466-484-703,Cynthia Cochran,History,Excellent,1998,81.75
LIBv5l8s,200-850-514-485,Tony White,History,Fair,2005,94.06
LIBBJ917,731-425-291-238,Anna Sandoval,Non-Fiction,Poor,1821,93.45
LIBBdnCA,113-755-975-838,Donna Garcia,nan,Fair,1842,82.76
LIBdYFcL,487-587-373-532,Nicole Chang,Science,Poor,1890,25.06
LIBRlVrh,966-428-231-597,Lawrence Randall,nan,Excellent,1991,57.36
LIBy7dsb,276-341-574-925,Benjamin Erickson,nan,Excellent,1997,97.91
LIBo1sCQ,012-642-138-331,Danielle Curtis,nan,Excellent,1874,60.4
LIB3xXLY,444-449-681-129,Valerie Holloway,nan,Good,1914,59.79
LIBjEMPR,871-740-085-966,Emily Davis,Biography,Excellent,1908,27.27
LIBUHTFj,883-503-487-173,Daniel Payne,Non-Fiction,Excellent,1890,69.36
LIBehslz,079-446-547-310,Timothy Martinez,nan,Good,1807,76.73
LIB51tYB,752-792-468-331,Mr. Wyatt Whitehead,nan,Poor,1900,29.23
LIB7X1qQ,087-620-755-290,Gary Flores,History,Good,1920,40.34
LIBPHjxc,209-140-126-734,Jeffery Saunders,nan,Poor,2020,38.99
LIBMgIQj,424-180-145-064,Shane Bautista,History,Excellent,1925,29.92
LIBJH7uQ,049-940-745-460,Julie Trevino,History,Excellent,1880,88.44
LIB6TOAY,914-942-718-859,Craig Lambert,Fiction,Good,1971,43.12
LIBFQkDa,596-708-205-531,Gary Ball,Science,Excellent,2022,94.44
LIB2dHLN,485-685-960-734,Sandra Gomez,Biography,Fair,1981,88.2
LIBzhb12,989-144-419-439,Mark Parker,Non-Fiction,Good,1853,73.73
LIB7XCxE,920-359-618-041,Wesley Reed,History,Excellent,1946,25.38
LIBxEmGL,183-992-002-924,Donald Smith,Fiction,Excellent,1806,49.75
LIB1j9pm,619-858-461-693,Alyssa Smith,Non-Fiction,Excellent,1993,68.38
LIBhEwDZ,339-075-228-034,Leonard Lambert,History,Excellent,1965,28.78
LIBw4gY1,231-528-226-011,James Hunt,nan,Excellent,2004,66.87
LIBHtRJT,502-583-786-788,Elizabeth Arnold,Science,Excellent,1891,18.37
LIBman4m,607-698-373-575,Anthony Hernandez,nan,Excellent,1941,
LIBNuIbu,064-400-697-050,Timothy Collins,Biography,Excellent,2022,72.55
LIBkjqjg,352-609-943-045,Travis Gray,Fiction,Good,1935,12.64
LIBtgrnp,882-309-717-474,Daisy Ramos,Biography,Good,1995,87.86
LIBEjiB4,375-263-288-701,Alicia Webster,Fiction,Good,1874,76.99
LIBKs9so,012-226-153-683,Jesus Lee,Science,Fair,1949,10.54
LIBFUPN6,998-641-107-078,Martha White,Biography,Good,1875,
LIB1KfTE,960-747-883-720,Daniel Bryan,Fiction,Fair,1875,89.28
LIBGZnMP,368-620-474-476,Alexis Brown,nan,Excellent,1989,51.49
LIByhxLT,092-666-076-626,Joshua Shaw,Biography,Fair,1883,11.13
LIBPPC2T,294-094-837-362,Terry Valencia,Science,Fair,2022,67.04
LIBvGLux,310-759-673-128,Jamie Pham,nan,Excellent,1824,90.3
LIBaZDWd,540-269-686-211,Sierra Garcia,Biography,Fair,1843,47.66
LIBWgqTR,965-979-803-367,Allen Sullivan,Science,Good,1858,62.35
LIBgruS7,718-814-038-117,Brianna Lam,Biography,Excellent,1955,96.71
LIBgTGyy,155-556-716-843,Reginald Davis,Non-Fiction,Excellent,1923,48.92
LIBKxNVn,762-181-187-405,Richard Payne,History,Fair,1989,61.95
LIBjSNFl,771-614-538-687,Cathy Ortiz,Biography,Good,1895,55.56
LIBkpMtv,885-899-118-939,Kristopher Lewis,Science,Good,1886,42.51
LIBAYICf,108-210-093-199,Theresa Evans,History,Good,1874,48.24
LIBA7xwX,793-166-168-484,Lori Vega,nan,Excellent,1925,
LIBz7JPU,682-253-407-774,Stephen Bennett,Biography,Fair,1970,84.46
LIBlxPlR,017-429-102-894,Tracey Dickerson,Non-Fiction,Excellent,1862,
LIBq4mTb,618-814-895-277,Michael Barnes,Fiction,Excellent,1900,73.83
LIB39DAp,585-863-212-528,Juan Wells,nan,Excellent,2009,89.74
LIBbhYzU,585-106-535-391,Colin Young,Non-Fiction,Good,1982,41.19
LIBexur1,820-095-587-332,Victoria Bryant,Biography,Fair,1995,17.82
LIB1hH59,210-638-005-766,Elizabeth Fisher,Science,Good,1869,50.05
LIBLCLis,541-919-433-868,Ebony Paul,nan,Poor,2013,
LIBpIcER,361-508-790-554,James Joseph,History,Fair,1862,67.98
LIBjQ9Oo,345-532-415-603,Kathy Payne,Science,Good,1885,25.83
LIBrBhUb,465-987-296-290,Carly Sweeney,Fiction,Good,1850,99.68
LIBNCmcU,369-546-994-139,Jose Bishop,nan,Excellent,1982,15.43
LIBS7GNH,780-737-638-333,Amanda Lin,Science,Good,2011,59.59
LIB8Qiqa,019-215-221-116,Jonathan Jackson,Non-Fiction,Good,2010,70.9
LIBd2zk7,439-199-866-710,Andrew Carr,Non-Fiction,Good,1994,74.77
LIBWP472,878-299-038-295,Elizabeth Jackson,nan,Excellent,1832,88.75
LIBWGRLv,268-482-579-965,Jessica Ramirez,History,Poor,1868,92.3
LIBf8b3W,594-950-060-904,Taylor Luna,Biography,Fair,1891,98.46
LIB6K6mH,721-477-948-726,Joe Pruitt,History,Fair,1954,52.63
LIBn8CKh,992-694-389-645,Marcus Bryant,Biography,Excellent,1843,22.94
LIBrBPkn,216-371-457-920,Ivan Pratt,History,Excellent,1835,88.72
LIBgT7ba,976-491-710-602,Jennifer Williams,Biography,Good,1928,94.15
LIB9ntEF,783-166-671-629,John Parker,Science,Poor,1896,94.62
LIBmVXIt,721-791-082-541,David Gross,Science,Fair,1875,80.31
LIBpnU64,809-717-591-062,Michelle Ross,nan,Poor,1801,76.92
LIBSJ1tI,425-780-414-743,Brandi Porter,History,Fair,1985,76.1
LIBZ24IH,812-032-633-861,Richard Frey,Fiction,Excellent,1827,64.77
LIBmXq1f,219-909-585-568,Tina Wagner,Biography,Good,1963,
LIBTLogN,540-134-523-428,Ronald Daugherty,Science,Excellent,1919,56.23
LIBnXSNX,959-858-201-244,Stanley Johnson,Non-Fiction,Good,1854,21.52
LIBSCiwR,342-470-671-156,Carolyn Hays,Science,Good,1998,41.39
LIBLgdPY,501-637-525-942,Terri Newman,Science,Good,1987,59.37
LIBE39iq,414-622-550-132,Emily Russell,Science,Good,1822,82.63
LIBmQ0Mc,349-689-981-848,Lori Walter,Science,Poor,1933,25.37
LIB08MIJ,173-954-783-794,James Reese,Science,Good,1997,
LIBelbqD,580-681-379-792,Mrs. Makayla Turner,Fiction,Excellent,1937,63.83
LIBtEAZa,174-084-104-736,Miguel Mitchell,Science,Good,1848,59.85
LIBe1ZTz,565-178-737-283,Jorge Johnson,Science,Good,2013,29.5
LIBDlCXR,211-939-903-361,Christian Russell Jr.,nan,Excellent,1813,
LIBrbpxX,155-139-206-650,Michelle Williams,nan,Good,1896,81.68
